song_name,artist,song_uri,embedding
Space Me Out,"Boy Amor, Glassface",https://open.spotify.com/track/0B67ukIysEipoSjuDGtNMM,"[13.89279435238443, -2.630076212620068, 0.6954030581554731, -1.831188748820821, -3.5520093431233675, -3.001209651239779, 2.628131975847907, 0.5467145659785151, 2.7697368121718324, 3.247839645126814, -2.076494231485012, -0.5676269089681417, 3.6708329592768916, 3.114111172844387, 0.44462918191954137, -1.6699841546881062, 1.5547314953659241, -0.6139724792454203, -2.9950256064095186, 4.833427104159894, -0.4894725109441105, -1.083181746253571, 0.7142262007251223, -3.794679888738583, 1.5863012988403364, 0.41050631758025824, 2.1072786359934907, -0.7719711660258022, 1.383905352987066, 0.48344748746557686, -1.256223709058406, -0.4251235047039105, -0.7827025995697611]"
deja vu,Olivia Rodrigo,https://open.spotify.com/track/6HU7h9RYOaPRFeh0R3UeAr,"[-7.545409276161859, -8.940731703331743, 2.5228709693240785, -3.528899544818329, -2.4330086374886277, -8.67070319571597, -0.9567631313776094, -0.9029514810593562, -4.068652806674237, -3.32529433728719, 1.0974290521850592, 1.9572966558546954, 0.609629048680629, 1.932277102690384, 0.6646980672344388, 1.896233542448903, 3.5218190477571807, -1.878216603950934, -0.16400836667698457, 0.0010627076835222514, 0.7359149229218971, -1.1770360645235232, -2.7081254233943866, 2.2648089466622783, -1.4258421289712626, -2.2618763231741283, -0.2160072725869469, 0.9727268095373092, -2.5121284505680133, -0.3306726965059203, -0.9435850208028703, -0.13033456009412708, 1.2710584718107045]"
@elio.irl,ELIO,https://open.spotify.com/track/0Y9mglyez4W53JjoxoahA7,"[-4.537575497140309, -11.343148165066774, 3.472528536770899, -3.6592166170625733, -3.811995621301172, -3.1910088517078807, -4.225522711786729, -2.1820181213051377, 3.1884203428557925, 1.5936649225886312, -5.816817947407757, 0.09843396639259927, -0.18233078725989285, -0.9686473620895404, -1.1008621324975363, -3.312411318989747, -0.8435786751294782, -0.5531042136137904, 0.14171358732398764, 0.8215740070887281, 1.0561054743527796, -0.43833162144565446, -0.22483050877191688, -0.6240739003794957, 1.6656158881230727, 1.1927925409955944, -1.0333095443359637, -2.966463423182619, 0.037597578442484805, 0.2930449282751901, 0.04554823215372345, 1.1988993185733572, 1.3634204390451263]"
Blank Space,CHANEY,https://open.spotify.com/track/5mRAG78zUjsakidiVqYzqn,"[14.26976856786925, -8.189059089328358, -7.9830667539439375, 0.15492851632517152, -4.677774823814364, -3.0170910903617845, 7.562958372101004, 3.060930180996088, -3.32135748225643, 10.684310528342076, 5.25200563204289, 1.1406333221587088, -5.812020147393061, 2.664386449759118, -5.282210413633637, -0.6832796407984135, -2.7594805065162733, -1.174207377400675, 1.3263389514452464, -0.9955340452083958, -2.373815159959845, -0.4126529632419993, -1.3189989226683683, 0.7975876141165221, 0.6769200602022291, -0.5644261795667525, -0.9208117351914255, -1.2930422489366178, 1.7725278864465748, -1.709406129856276, 1.682673596422794, -0.8078201758941317, 1.0679419212099903]"
Dracula,Tame Impala,https://open.spotify.com/track/1NXbNEAcPvY5G1xvfN57aA,"[3.354404803242846, -4.310672425292354, 9.39742413716288, 0.9813636484475523, 7.157224405661979, 3.779574143334892, 0.12238030802926893, -2.967572349014701, 0.1588897654364231, -2.4204037649050725, 2.686258291252531, 2.928112744743599, 3.205802507407759, -1.6538940088673852, 1.7805016360159038, -1.3194166285940359, 1.525664898885581, 2.1481455854993903, 1.6530049637051807, 0.4183029921297688, -0.6894425883396244, -0.18368024960303758, 1.316544837452855, -1.585866171007262, -0.5453758150409054, -0.9066281824200242, -0.22362175279242746, 1.208133697629366, -0.9849050517914062, -1.4305701978658993, 0.19289437559992953, 0.23579152473274026, 0.395863381015213]"
My Old Ways,Tame Impala,https://open.spotify.com/track/4whkhyXTrTgHKZzkUvdwoq,"[7.331282510967418, 3.7288349071088405, 7.514825889696698, -3.816344520967174, -1.9135462692921432, 4.308016166131303, 3.507220632213257, -2.1509303928873305, -1.3065210638637716, -3.648712398744769, -0.1927050003777268, -1.386538787042295, -0.6508694913543142, 0.9103718291730784, 3.20424525633022, 3.3838663973918264, -1.9022379788873667, -0.3381691680150176, -1.7024759763185169, -0.10672251504747246, -0.15499050523598643, -1.3166122592212337, -0.8747894987979753, 1.5961496511265678, 0.7283869748615523, -1.3412378984025521, -1.8554131654780415, 1.2092466108837134, 0.9542014733419154, 2.4186366686251395, -1.0545097069036793, 0.3304210006827844, 0.6246420786946082]"
So Easy (To Fall In Love),Olivia Dean,https://open.spotify.com/track/6sGIMrtIzQjdzNndVxe397,"[-7.51556823796689, -9.076282251743201, 4.590772432494313, 2.054260046198592, -5.248728426382424, -7.070424751354257, -0.06037526128417891, 2.8538373605447847, 1.9565633419073873, -2.6044237385607043, -1.9093569434963853, -3.034376471636786, 0.2678108121477618, 0.04085842668666978, -1.7331054941369577, 0.5775342292118856, 2.24136520744628, -0.33939698823055364, -1.516531440639113, -0.3521448554215726, -0.5135250530461207, 2.3951893609346815, 0.17740677069402486, 0.5611931031492544, -1.6233366668464932, 0.5563979797551474, -3.5482777811405515, -0.7811076591125976, -0.41291924936125035, 0.656148328988514, -1.935796502635649, -0.49404253162755607, 0.7110462291416212]"
Howling,James Chatburn,https://open.spotify.com/track/6RTfH0aoCM5ENHv7GnwWtP,"[-6.4403152623669575, 1.6726047803518305, 2.3424703485244587, 6.249658809245049, 8.105897336147978, 5.481841189095302, -0.9773298910503059, 3.608688649019525, -3.937722130611342, -1.6032232600221976, 2.626352077027475, 8.431215946704341, 6.100980200395097, -0.0077889316202248236, -0.9090507187295445, -2.3379564795880032, -2.8494246985690492, 3.5932701039441888, -2.030024010488229, 2.032875003533092, -2.2749603121797235, 2.0800928153191705, -3.645688672398905, 0.7087544191591953, -0.032837996974402144, 1.7320908906920558, -0.531799164067603, -2.300502588851742, 0.19263686611717212, 3.8252340644467804, -2.0717448657601816, -1.4985218397632851, -0.9020825072807663]"
Holding Me Down,Danielle Ponder,https://open.spotify.com/track/524rxTETDSE7zacWTyRgEl,"[-18.265980124127523, 10.682016460748649, -13.960570284680939, 6.084909020262804, 3.739767200286961, -0.9795653623371531, 14.908823271625984, 0.72142403605469, 6.736684730685674, 0.6840123977813025, 9.702810558618177, -0.8070097941006469, -2.6798124758454587, -2.99448254844997, 3.926254799365261, 5.382708156331192, -0.029435490306691414, 1.1305961272998615, -1.8692137236111057, 2.7875949208158413, 4.390280928089789, -0.31143027230699855, 3.013047686600955, 0.6759355939862212, 2.297791019680024, 3.547091615440209, 0.08189950811584541, -2.571564566098849, 1.9825684475411545, -2.3141964448933954, -1.9234968602370386, 0.9962456218131492, 2.1372341593978073]"
Midas,Wunderhorse,https://open.spotify.com/track/2FhyTzw49NtYw29JEFvdu2,"[-7.535157738045546, 11.5461782562081, 3.912859420773128, -15.028813295352634, 11.399290614413573, -11.149109227294717, -6.115595692564102, -3.058011054306685, 1.2938014654789058, 6.56515970111884, 2.2431295424683504, -1.2888898900211028, -3.127644555294499, 2.3650809557553907, 0.6103762702232355, 6.454352422132725, -0.19923676795654394, -0.3429435926649709, 3.6986578302117303, -3.7416594288598475, -5.457177955347018, 4.916782829443474, -1.2571581847119135, 1.3827989092005515, -0.4190165636433254, 2.227476338687013, 1.8904657551388386, 0.537784474221812, 2.116663207008065, -1.0082470409683861, -0.25619633186194146, -0.39483464765545584, -1.5396546777935536]"
Everything I Do - Dombrance Remix,"Anoraak, Moona, Dombrance",https://open.spotify.com/track/6eETIqHgFCVZqVSTAy0jC4,"[13.918901314696365, -0.7079351586220376, 4.5248724425963065, 1.1233936590794549, -2.6095235494899063, -4.078392028185216, -1.2164228371484194, 1.587205789824064, 0.06735996415032931, 5.64053802427333, -0.5696644859942703, -4.904736193077145, 1.2766043734839225, 3.4626854562920077, 4.268707892687269, 0.1800610696702403, -3.3052258765332616, 2.4393078785972975, 0.38647320007172564, 0.3797375387916725, 1.0777700064036384, 0.17908931052949398, -0.5987170236056292, 0.06354421566645035, 0.6713258726470536, 0.03552835585798306, -1.4877761072057154, -1.4037080558033075, 0.5076820359145552, -0.20936149341835542, 0.531875394484496, 1.4670864241847055, -0.4550235253059791]"
In Between,Junaco,https://open.spotify.com/track/11KftsB7VRHkwGnw0TTgqW,"[-11.224459769949586, -2.1345243716902993, 1.4872250954399189, -6.029914399615023, -3.489457482912304, -1.5533066502016193, -6.340390127869047, 4.755627275493953, -2.9669158051733646, 0.5988629182456214, -5.591933571534053, -0.39576672490278003, -4.139834752160719, -0.04769326673939528, 5.79797669356518, 2.2356991954049543, 2.4663012080499356, 0.9095109054516045, -0.5599954029042411, 0.24722518884744085, -0.43989958129337414, 3.298138864133071, -0.0431048420583104, -1.4519821494901206, 0.6185036414881173, -1.9030893952190533, 0.8604823180369144, 1.5739688004098813, -0.3770006745784832, -1.7149263318849468, -1.4572420116277707, -1.1059828149528097, -0.05282447560014551]"
Cache,Moi Je,https://open.spotify.com/track/3g1jLEdH40RztXP52izu1L,"[3.4449760828932523, 9.095312350246255, 4.999349591649738, 4.890853338637576, -1.9306854343910511, -0.5440395516903503, 1.330666196103069, 4.411642478269523, -5.5271232927278495, -2.079441504308589, 2.0252502918579594, 0.22349592095709067, 4.083891070713976, -7.208190245956956, 4.434321525669512, 0.04739198938613793, 0.3010609538245913, 1.9213067516176037, 4.5700154848788435, -0.8217601888050894, 0.09853260253483748, 3.2583224511710838, 4.991915791376418, -3.527237144529082, 1.0258044927506669, 2.6761543929285843, -3.9452779626272996, 0.006334830804021136, -0.3278803915435738, -0.3302208950666879, -0.11301222241716946, 0.05823611241924634, -0.4647795318727783]"
Sharks In The Water,Franc Moody,https://open.spotify.com/track/6X4GH7Rs3Yy286wwZVoBYQ,"[11.952817806617883, 4.7563342922505, 4.062426071228707, 3.0274622251360674, -2.4588143826571054, -0.8472681041916158, -1.1090268411337314, -7.915507705650974, -3.841291962193192, 0.10089835886074418, 0.4272253070400351, 1.9621486525097034, -3.327012522027509, 3.2040254486552446, -1.727572180817969, 0.41236308997520504, 0.7886496884608669, 2.336783530177862, -0.2209742522987014, -1.6879978981753132, 0.16850753374322403, -0.9282945039753829, 2.4643783152671173, 1.5793970816249943, 1.2758220139447887, 2.583003421942393, 0.9717098343598003, -2.1936710458926525, -0.5088904843489984, 0.5633934091902368, -1.4095430988249444, -0.2825250073689899, -0.5930485111882907]"
Exotica (feat. Mind Enterprises),"Purple Disco Machine, Mind Enterprises",https://open.spotify.com/track/4b6OuqikQDh0U3dDto7i54,"[13.975541918267146, -2.0082328579856545, -1.3938773905569746, -4.410939762947346, 7.07632251760766, -3.924904024481552, 2.908733567090373, 3.310766423390797, -1.5761398757921592, 0.7232684784443469, -3.357567015798319, 1.0304718801969122, 1.189617636001079, 0.012409573362301099, 1.9961978475102942, 2.5249969087437916, -1.6080993892134998, -3.846271955989651, -2.1553988921742837, 1.865961283218118, 3.2553458980899177, 2.280071595852146, 0.8507115110722909, -1.0106220322715962, -0.12762644665565778, -0.6420527964185677, -0.9614851493724429, 1.7463814611348654, 0.9498505803932116, 1.7573590324275608, 0.1398569755176793, 1.2493300085159924, 0.5078899107419205]"
Louder,Sunrom,https://open.spotify.com/track/1Hd6PTqt2cbwPh4y33m1hD,"[1.3554434946227905, 6.026822986592047, 8.048040489296275, 5.301384377111539, -6.151686700977772, 2.3227477438496855, -6.656429987361044, -3.4426707401258483, -1.8276904575624333, 2.895706022647387, -1.6087005000274057, -0.04807517271471995, -2.3153508028568632, -2.6051541422725557, 3.245199678947161, -0.7022666496121216, 2.5134659286896466, 2.598745708671746, 1.5344136206852421, 2.9938967470310187, 6.017563048020239, 4.74472768035222, -1.7425300205864558, 3.4178632612257944, -0.5530446178019647, -0.7505288222864572, 2.116863844489259, 0.5618834091392033, 0.38873365873501703, -2.9915385098783127, 1.0581686396181458, -3.7626970562460134, 0.2918846946538142]"
Belong To You,"Cut Copy, Kate Bollinger",https://open.spotify.com/track/0ldxSxecXt4pyOauTVkVZs,"[-1.2701064700212148, -10.624963611290525, 3.2780353510613587, -7.93445660885747, -6.856323064371215, 0.5855631980491259, -0.3125056284421086, -1.2147260050676303, 3.91894601480765, 2.4043679579195096, 1.190177891158461, -0.4568358290589816, 0.39502243042250795, -1.1908469700075148, -3.813313915231221, -3.7399208419920718, -1.3040719326192907, -2.8316556839883744, 0.2865085956427746, -1.451173885838416, 2.1832327582804787, -1.3392668616806405, -2.4595201369136914, 0.6039205061974019, -1.6075636957628818, 2.2641439395685747, 0.034807200131756144, -0.13085874764011723, -0.7209797343398044, 0.038243661070218454, 0.6125741931349014, 0.43733639382292927, 1.631062044850868]"
The Fade Out Line,"Phoebe Killdeer, The Short Straws",https://open.spotify.com/track/7I1v3hLSDCZK4EdGVokFcj,"[-12.934305178893018, 10.00122617990732, -3.0512320068343977, -0.40999062659070046, 4.755017338005066, 3.2492094545364933, 3.9632923984270554, 2.0879453791046108, -8.620287746961896, 7.601244905575682, -8.160045683103455, -0.7609725506913432, -0.5241045678649856, 7.031973795095271, -1.340591325523211, -0.6180856496996714, -2.5670454728282297, -3.1513507395594593, -1.9387451958131494, 1.7117405143407622, 1.6565046368290601, -0.7424276558564957, 3.3637217344551362, 1.122314088909846, -4.417930759247999, -0.17435085641266576, 0.7411246796992756, -0.7750480036398106, 0.04667047184350108, -3.77869144109482, -2.464878672360582, 0.2319409748767435, -1.1003316108383911]"
Mad Woman,Nora Mae,https://open.spotify.com/track/76SzCnWmnpsvfeLkh5tcsH,"[-10.170363924839654, -5.885159808410075, -8.155634903449931, -2.9659560399635594, 5.686418619237878, 0.27398079469384495, -5.475980368479839, -2.0651785461810825, -1.1781889345058774, -5.1675985467761985, 1.30852021911437, -3.24398279590125, 6.699059845793178, -1.1715852713738386, 0.5376136709501015, 2.355791177593522, -3.378036173896551, 2.1062718047420224, -1.998306311660903, -2.0669728458688525, -0.7583361463165254, -0.8824922518589035, -2.040388818068795, -0.6911894252049091, 1.6053955670515971, -0.18266071124241556, -0.4438267022140988, -0.16471822305808043, -0.06932178571274682, -2.4534390192280964, 1.5018280289544026, 0.20269651381873346, -2.521283542960557]"
In My Head,"Phantogram, Whethan",https://open.spotify.com/track/7J2Sl1ENGmwaJm9qlBBDyZ,"[17.33910834651811, -3.744737664523797, -13.826401255170211, -3.3481612540187538, -0.7794917874648122, 0.2426755171519911, 2.3818904697035954, -8.714861471644056, 5.747169366672629, 1.447877729631006, 7.516041462330399, 1.3208268919125814, 0.5216284278782871, 0.9019168117959115, 2.954341959434534, -1.3527539409038123, -9.09944887346639, 0.00423253338487164, -1.0690760692230916, 1.9749832893871817, -3.5431751485399965, 1.4119039101427702, -0.28968083413392093, -2.908139449491864, -0.7713767205019636, -0.5860977134877939, -0.8985330114855732, 2.0458202488610993, -3.5201118097093196, -1.121648352345892, -0.5182152648442473, -2.3341759931487656, 0.6669293659785025]"
Idol,Mind Enterprises,https://open.spotify.com/track/0o15nDyr5XH7vy3MV1JK8B,"[10.174656281443728, 8.870123338809467, 0.2975974956602956, -1.4960919560526351, -5.647876478232043, -8.037279299458588, 7.185948481115471, 9.068081154589043, -5.3060467985840996, -0.7096780457458528, -2.4541766755473704, -0.8496572291648075, 2.3416129505062386, -2.8204713297727944, 0.06065916794342385, -1.0691066414888746, 2.257576056962269, 4.024829197796496, 4.9899140243090905, -4.695471770387179, 0.6114336490701064, -2.3210826020534454, -1.66799631306165, -0.9210666181294503, -1.9736284795947847, 1.1868567383314383, -0.6140004865747318, -0.07600454807960644, 0.2691368748761391, -1.981968274500345, 0.45112498343074864, 0.8289387220435049, 1.727495315435727]"
Escape,Junaco,https://open.spotify.com/track/32k9k0pSXCoERXKDWZdpak,"[-8.716958740276226, -5.883174251466149, 2.584208274521364, -1.1000449237404106, -5.529208593093016, 8.124889673847877, -8.732804299100668, 4.243686355942205, 8.556515413404915, 4.308525748422298, -1.986764138352656, -0.8284189314216812, 0.026324214624670123, 2.8766736417573147, -0.16743914001107432, 2.9152469838386073, 0.0625875088251074, 3.127849205888346, 2.1783176839009544, 0.22403781997611752, -0.42649448868491446, -0.3553861551365647, -0.00948860369126304, 0.7102615638887863, 0.48281496912209515, -0.5823463150812549, -0.28671058492676893, 1.2806954404601227, 2.047346813095894, 1.9975212547826864, 0.1284204979618709, 0.3768804708879932, 2.0536077683951985]"
California's Crying,Nora Mae,https://open.spotify.com/track/6KizdnjxUopFxoYUQSl99h,"[-10.889121533067575, -3.965597410865055, -14.983944027241652, -3.1015391551294873, -1.946517195473547, -2.186739874707095, -5.380607672345923, 6.024585157137951, -3.5579939712019453, -6.795922523721826, 4.126440761244931, -4.700815692143004, -0.32463636208021773, -0.864094691219688, -2.4172803569301267, 3.0501198474374007, 2.9288730919512815, -1.3957053811438624, -3.5738946526729216, -0.10496163106886809, -0.4140131233150028, 2.0388042129791812, -0.09473891386359222, 2.426296886493207, 1.1361626524501636, -0.9062490386169685, -0.10366479956737003, -0.7493847041480041, 0.7018928121493383, 0.013020445166655339, -0.38511209891523607, -0.4426375081762511, -1.2659356170033071]"
Fade Away,M'Lynn,https://open.spotify.com/track/7uT8GS6bjpJBSD83xexWJp,"[-0.2424936576238996, -14.691863343418712, -6.868992428030001, 4.460167646447774, 8.977929896986947, 3.770637914174228, -3.8340071836893537, 1.0290980005563364, 1.986784254238564, 3.1803350439474865, 0.4595532269279647, 3.119880538147687, 2.9049336898714446, -6.133233020166773, 4.453390030143655, -1.9402697925970425, -0.7022237404794037, -0.10732786894642002, 3.033467603397302, -2.5697085612385036, -2.205107103071772, -1.4698641634606036, 0.5401685372029469, 1.6160940965521655, 0.8003335290184943, 0.5589256230357174, -0.9195296278104375, 0.20514367880039308, 3.529682727397286, -1.5290010311821773, 0.09920799557698728, 1.1703894563038855, -2.3017964426669377]"
BITE THE APPLE,Claudia Bouvette,https://open.spotify.com/track/0qEIQ5Ctmo5de10Wt3Hjy7,"[-9.456427993627214, -10.004354388616866, -2.09152122662707, -0.349759854885806, -10.074155205335275, 2.8478398645429177, 1.2771606720706437, 2.5971412762789976, 7.202322833460025, -1.473641635379118, 3.0415149956195773, 1.9814076164536623, 3.0430577621234325, 0.3589633474611611, -0.21416513224116931, 4.5101471234727155, 1.822809176455987, -2.520312520224385, 1.4722704892623637, 0.7516536008927105, -0.3064008524385773, -1.81470960261684, 3.455964898369375, 0.1075060654886033, -1.8658252478399622, -1.850874350536326, -1.2403951318191997, -1.5621067847314911, 1.8947340639426793, -0.12162626545970122, -0.22015988971391628, 0.6484942919172573, -0.4789102795157917]"
It's Starting,RIO KOSTA,https://open.spotify.com/track/09t9XJnyzfCqqeAmBJpoKW,"[0.696430116132128, 4.385664376750951, 2.570794101527367, 8.418180390478518, 0.12118235840423212, -0.03718923360673208, -2.01588235973242, -4.877722518000885, -7.336117986655483, -5.068171185628564, 1.8754105401439596, -1.1157041648156596, -3.0837622604912083, -1.3821050185178843, -3.820086707623264, 4.217631087714348, -1.960234710224945, -4.0918739214938, -0.7433368772256631, -1.088351044752383, 1.8243355486676498, -0.4202201490273617, -3.5630378510725533, -0.7938539863000815, 1.763118639134429, 1.592018115246628, -0.6209411672328277, 2.1007909184642797, 0.2638136070416859, 0.577426017117784, -1.4884832334480338, -0.12845139575974265, -0.6341569526439914]"
Uummati Attanarsimat (Heart of Glass) - Remix,"Elisapie, Hologramme",https://open.spotify.com/track/6NZrXEDeWtaimPkhcoLqcH,"[10.352988134132682, -3.8720306232428667, -14.558400395655756, 0.3374221986357139, -11.244543074420077, 1.7449262063492839, -1.620635243541748, -1.107679266642988, 1.4735460594117684, -1.8809094924610574, 4.661999690352189, -5.921934919617553, 0.0975072686737187, -0.20794820875696884, 1.1687624104365346, 2.855302960102141, -3.226765790204161, -1.0619973541104946, 1.70890396863957, -0.0024472769608058654, 2.4436880886862493, 6.419641088413206, -1.4935746828918661, -0.7379116791464789, -3.689676691245886, 0.013874692471231369, -0.0388114485535709, 0.6964459519112673, -0.4201412735769172, 0.4435648698988126, 2.3992747337922586, 1.0066946996396668, 2.022433170809762]"
Keeper,Reignwolf,https://open.spotify.com/track/5viUoBe9m6FHt6v5UJvISA,"[-8.258266686444905, 12.909258954930804, 7.343893814705364, -7.051479493785122, -0.70478058556405, -5.768709183906107, -6.28314653147085, -11.729970982659257, -0.71802461082334, 6.7152426599356705, 5.053992979164049, 1.6541805512628047, 1.1886930071540565, 2.5877800743654418, -1.877465477481721, -1.7250453959831176, 3.016474495633662, 3.358916424769699, 1.9376172996499912, 1.545784265297684, 0.1972547030896522, -1.821806489510356, -1.574585386526605, -5.032655579568181, -0.34261086986375827, -2.141097585983607, 0.6948981677163895, 1.022036261982381, 2.1889951867157316, -0.19269151248545033, 1.5360183976430715, 3.0878041501863884, 0.07078351363752343]"
Cold Kiss,ZUNRAID,https://open.spotify.com/track/07f9f3E2gjZ6hmgzmkqNUF,"[-15.685870773334518, -5.713952844005842, -8.296132347198455, -4.104013051217244, -8.605432027599933, -5.459309953757121, 8.208742902865307, -9.721536808760252, 2.159772040952487, 2.9355889711520775, -3.7349272446532042, 1.067611577293061, 1.9100904741962408, 0.22626991443854833, -4.527255827026613, 2.5435653391219586, 0.20195711932864724, 1.3005170424810142, 0.5901600585189261, -0.6532947558197424, 0.7706870815298881, -0.9132513942457953, 2.650261734598678, -0.8574757843100146, 1.590510695397054, 3.512393445947299, 1.036790765601848, 1.340506632417445, -0.14811103152209884, 2.280585819135987, 0.7079296764106535, -1.3920070997267004, -2.3843565324093694]"
Beach Break - KNKS Remix,"Julietta, KNKS",https://open.spotify.com/track/2c32TY6su3q4f2XrLVRPmE,"[-9.886351363126106, -3.743118507838012, -15.743342024545687, -5.066037805868126, -1.8197393753239295, 3.9260501654959388, 6.991550330618154, 1.4987398522578854, -4.62448459072465, -5.537585435008541, 0.7181216386942081, 3.974121533606707, -8.447335920264408, 3.8277047408091147, 0.2644220421005965, -2.1135603874901228, 4.164113283469125, 5.740397098039049, 1.8409114726654243, -1.3949914638541538, 4.325868008685044, 0.24805160428901546, -0.9079282393063501, -2.5404053537866247, -0.47569565834354294, -1.3371115224475392, -0.8751179620284892, -0.44320925211746204, -2.011237307594622, 1.4216658190711382, 1.9246671908778252, 0.38624707065377356, -2.990494285360166]"
Out Of Love,Courrier Sud,https://open.spotify.com/track/5ZzfYkGHTAyH3edrwbOz4w,"[-3.8833965437096714, 8.335822840517276, -0.5571871753965816, -7.577953735660565, 8.615578337061423, 5.5790342009886515, -1.4003927572503712, 7.148035617470845, -8.096932324477496, 2.81485414796174, -1.8122966444405963, -3.046402625030823, 0.4518931902168811, -5.637723516306644, -0.08283434823099858, -3.700912083593696, -1.980399876214317, 0.6871071938772709, 3.206535626710214, 1.1041661068652462, 0.9292492135187435, 0.7806197578823546, -0.07014224847348766, -0.9408903146906122, 0.523181032964091, -2.176269220879927, -0.06235337709363206, 0.5749308805321091, 0.12854108247230336, 0.8627439078980104, -1.4388822389244484, -1.5028959578451242, -0.537503147307545]"
Angels,Chloé French,https://open.spotify.com/track/1Dq5P9rnmH2mEA23BUngxi,"[13.758780703139038, 0.5627626152471875, 5.590847878334185, 3.4661388741602077, -2.539848738892436, -2.3325055524344545, -1.0574903794148347, -1.163632000550631, 1.4644172489072633, 1.277123295531746, 0.9145699630401465, -2.532315460270583, -2.099976437268676, 4.189335591927568, 1.5811510396984778, 0.6643452737545045, -2.231082325048434, 3.7070887041524476, -0.25657929153058423, 0.11836793100947794, 2.196523719447486, -0.5724014149204905, 0.9367689577529843, 1.7025273081523749, 1.3802444028793954, 0.12735584301262534, 0.18427454760955583, -0.050614033504340704, -1.664291694131472, 0.45750381708028964, -1.0644804909398262, 1.3116686384706138, -1.135762798260343]"
Guardian Angel (Stand By You),Sofi Tukker,https://open.spotify.com/track/4PkfclOLKVd7QyBJasZkg8,"[13.057790098778415, -0.994108752540854, -9.451895551656895, 3.337011901083703, 2.114218739852285, -4.678331452444004, 1.035236114672821, 8.700615837855471, -6.562852493421291, 2.43523832115162, 2.278536470146976, 2.3489980332410476, 2.215344607985008, 1.3217638681439203, -1.5892969606453584, -1.8557071886993575, 1.8495128849934108, 1.9404199971853915, -3.270676879645373, 1.086011013665708, 1.0109854278080053, -0.605415240490934, -1.793689636194535, -0.21140555480782305, 1.2036516335376464, -1.3363995337089276, -0.13776807358126586, 0.4223057624162494, -0.5572595714804609, -1.4893241075851364, -0.6205855684085247, -1.3654757603592795, -0.38848364197307544]"
That's All,Paco Versailles,https://open.spotify.com/track/6yxqs4AlIwoxEJkZtEZoQt,"[2.136009323125142, -0.4977866459221889, 10.356155496233152, -1.100029760220075, 2.9176054576862436, 3.860984608260773, -0.852024727564669, 2.9188182002481957, 0.3394849922507373, 1.3480143521839962, -1.807190295587994, -3.4553070469613054, -2.554447736480033, 1.041075375511843, -0.7264134529653924, -3.633793699403462, -1.343140402508927, 0.6020536049003882, 0.7366014798889896, 1.82072841766461, 1.8929464557848679, -1.438564505190019, 3.942520204057173, 0.24934834117794472, 0.931614005583174, -0.13915915539482393, 0.4516022680665507, 0.7722732860403682, -0.7848627022800505, -0.5966817008446054, 0.5086167525734736, 0.16716170511526018, -0.9991767695542051]"
Marseille,Oracle Sisters,https://open.spotify.com/track/43qx8PEmvj1r7xO9BKjS3a,"[-3.7951383901247455, -4.613273896247462, 2.7569321439102716, -9.84588086360973, -4.015722088196845, 5.850767993640779, -5.11408735693674, 4.027082198130124, -2.2453517503342586, -1.1299643234103998, 2.686379453492897, -0.2276671661175609, -5.0664705624195046, 0.5518451425220893, 0.7878677190564799, 0.6732721499470337, -1.6433658172557561, 0.414996126342448, -0.8154555658740454, 0.7957317494106986, 0.2457463169421399, -2.9090054573041306, -0.5120999622602271, 0.2972135852141413, 1.912613913427789, 3.320857567058941, 0.2757647009716317, 0.9205852137834843, 0.05528099909353616, -0.2673429625689828, 1.2388716939796824, 1.7656171529590754, -0.2874817338046395]"
Her Eyes,Charlie Jeer,https://open.spotify.com/track/3IdN6RaoBu9L0fwGwfrJ5B,"[7.714458839104895, 3.2444577919316857, -8.124334513520386, 13.22502259399516, 3.7745500990000704, -2.6622006307526775, -6.696807259465571, -2.193573645332402, -1.1289311359614804, 5.5524275201363436, -1.4290580005477467, 3.9545019817177685, 0.9694067019034939, -0.67843489566651, -0.8102525262364397, 5.075005912656459, 2.2917506030502253, 2.3274447995122576, -5.289112194748856, -1.2215814545347359, -2.026462981661227, -2.273451724960125, 0.05373685060413769, 0.3252541412004752, -2.146194902284171, 1.8704216662303608, -0.19005347507673306, -2.6643619996990275, -1.8175891284611025, 0.26177335268393054, 0.6966192539156009, -0.5347377921609129, -0.4669458577674433]"
I Have Been the Moon,The Sways,https://open.spotify.com/track/4tn3jYTy9NU3YPyL1rSn9v,"[-2.1103010510284546, 4.952493986637272, 8.563026929511157, 2.7127435482986897, 0.9388723828433629, 9.299351733987894, 0.9891056427581191, 2.242235856678761, 0.9487662017242235, 0.7907111505962631, 0.6188962804641382, -3.956760251266658, -0.5543757252929128, 1.3826119600983002, -0.6900982651708658, -0.29574891162842365, -0.6642711239614164, 1.6720780299639806, 1.7059365698321802, 3.526159671642836, -1.5832712572695251, -3.890525806199904, -1.3565482057890894, -0.8668403062973352, 3.3533004188345146, 0.776663286678678, -0.635669887762778, -0.9554374799514121, 0.6379942275903345, -2.2966212121479157, 1.4958736869528284, -1.6531301726178034, 0.25504349791710884]"
Moonlit,Skott,https://open.spotify.com/track/7bYCJEl4oPXccNUPxNPk1y,"[-0.739241299179889, -10.844676368012584, 8.832395583596337, -3.5857576428587166, 1.345726655280837, 0.18853717862187824, -3.4468511901658263, -1.6248307714373855, 0.8249964401511046, -2.24044432490987, 0.6719831262503877, 3.5765989072528366, 0.630761662513426, -0.07827042057296181, 0.2578904049238852, -2.048890743925053, 0.5968771092598362, 1.8621339824441732, -1.0985438629786977, -1.6661953559472256, 1.26131025660374, 1.729669708773291, 0.06288718354255211, 0.13206437103345833, -1.515720363622998, -0.8340829236968798, -0.8230153581000291, -0.9627834579397266, 0.11385306792211612, -0.11452796071953307, -1.33450136645244, 0.6937244496231061, 0.5221330171509686]"
Man I Need,Olivia Dean,https://open.spotify.com/track/1qbmS6ep2hbBRaEZFpn7BX,"[-8.35734072657962, -6.21458707020301, 2.9770027425991983, 1.5054814935379823, 6.682911610224158, -3.0783244671951246, -3.2329622879677147, -2.694624782093267, 3.942221510371231, -2.564139960506498, -4.930185735126496, -7.373232817626637, 3.141554392127312, -0.44452250600135085, -0.006514861609014779, -1.0212541919922198, -1.753728903024964, 0.27000868463981975, -0.5807050795831776, -1.0149947911727644, 0.6168192436595968, 0.5004626396453938, -2.595186456342327, 0.05703752733253869, 0.8365586560783925, 1.9255132473339922, -2.5341831836577042, -2.355505638766083, -1.406719363650892, 0.3858069473219927, 1.9887259902235541, -0.7314683457227719, -1.067865986469042]"
Fútbol Americano,Robert Schwartzman,https://open.spotify.com/track/4yahwRNYPGIasTRffwWyyj,"[5.7288213583833905, 11.934621620606693, -2.5934714102591907, -3.5863854893723772, -14.008084242982997, 8.24032008482072, -1.8917532511689419, -1.9184079321617071, 0.8238632590406216, 2.161324714698113, 5.013178328764897, -3.590871303473808, -0.16236527344740403, -3.566261122659466, 0.6604331472529017, 1.7956613593200224, -0.962843218711918, -6.615386885718829, 5.530753097145786, -1.7160760692222938, 1.2800503416797344, -2.561281197448391, -3.425324752640673, 0.7131175109250468, -0.0729300097425154, -0.4810332122705083, 1.9823426161155677, -1.512722233999566, -1.0786186924106205, 1.1877743269318857, -2.624235537145477, -0.4801017127138865, -3.9615542716217353]"
Movin' Out (Anthony's Song),Billy Joel,https://open.spotify.com/track/16GUMo6u3D2qo9a19AkYct,"[-4.006860094133321, 8.471546771289798, 8.041303404171178, -4.583382114809033, 10.696421285284877, -8.924181558930211, 1.4643052267691616, 9.715816209078993, 5.381583723514628, -1.3556990543496203, 3.1309574622160103, -0.8041247546340157, -2.5580733796312103, 2.1243177803405615, -3.1901576895357167, -0.18096815516595172, 4.166789067510338, -3.2284339341567714, 4.080099127700184, 3.907796906587064, -2.1878945447945104, 0.6022796130048371, 1.1240954255402074, 0.6556985391088207, -2.0866475866428327, 0.6506666468717948, -0.08114383197713404, -1.5132677577567457, -3.6686496375227087, 1.0259151468710372, 1.0942011885611194, -0.3852475969366347, -0.761803307089788]"
Have a Cigar,Pink Floyd,https://open.spotify.com/track/3CmHvyZQQAGkKkTjTBFWN6,"[-14.253605740808899, 16.697285354789294, -1.6513212645385282, 3.111201454850232, -1.1822969924383495, -8.708623523053886, -0.517750121753893, -4.7800286645590955, 0.7713099338000173, 4.073826291084357, 8.174341877655225, -0.24338375797867634, -5.236685379999908, -1.6920214173788921, 3.5750184906597866, -11.99265061235425, 4.748329307437678, -3.662306688602561, -6.241421969496745, -0.6670902821579796, -1.4330209000097835, -0.01348213458774803, -2.5862448265268174, 0.9293611837160706, 1.1113196432162031, -0.014806543112010372, -1.279535856562932, 1.8444676701718477, 2.210944787670955, 1.4948640781949174, -0.5176731454166181, 0.6988587038956096, 1.2605016505902369]"
Don't Speak,"Loaded Honey, Lydia Kitto, J Lloyd",https://open.spotify.com/track/2sKjOX72UX1HiCDhI2HdlR,"[-5.211249326299089, -1.1097252867638885, 8.422172218855868, 7.3317326350295735, -2.2355371976317984, -3.565721636355388, 0.28965830997932124, 6.217209805402472, 1.264856080491343, -3.41547387547428, 1.370711135374885, 2.751329602668563, 0.7347536692588935, 1.6594743306568258, -1.8947450669429406, 6.365270959363161, -3.3744044890976554, 1.2417167095705917, -2.590661379827193, 1.165672146025598, -1.6444832604132649, -0.00660676277359087, 0.3076158137357405, -0.353573087182666, 1.7344284163227242, -3.0604742306200867, 1.1950880420299788, 1.64926056787369, 1.0569521205742587, 2.060102471656496, 1.599563201048076, -0.6388718881274368, 0.09043062734395084]"
Follow The River,RIO KOSTA,https://open.spotify.com/track/4lqy6A33h6N9Yy1GhLkD93,"[-7.394503737356868, -3.1862267416717245, 6.680583419772294, -0.02751157304019259, 0.2981513745510042, 7.521843622324847, -3.496132066481288, 0.6222405801729723, -7.807006637519867, -1.6538018434776809, 3.3822729103043914, 0.9304781093929971, -2.820569731064941, 2.980378342268527, 0.790659684957142, -0.8982927026615056, -1.8010523191621826, -0.2010884583886482, -0.3029177378576299, -1.2059546134391141, -2.329885579911687, 1.6183784782432182, 1.8854878655486755, -0.3125316157152835, -1.9324021674847294, 0.8924314248027057, -0.21665091606566275, -0.3295276637198595, 1.6781027617761293, -0.8421926209211771, 1.4616591014716809, 0.7618347281842158, -0.19664390671164605]"
Corridor Of Dreams,"Kasper Bjørke, Sísý Ey, Systur, Oilly Wallace",https://open.spotify.com/track/61PTczPAI8LDLTj9YOUbQ8,"[-1.76013674730559, 9.271186432688308, 0.487763453777979, 12.770066402358767, -3.194418113186885, -2.5699012958115617, -1.4833038830685659, -0.6589291346508529, 2.0528386041819284, 0.6373606113574626, -4.583176466659811, -2.7770458024755764, 4.132786512636036, -2.18569611036568, 4.403590208195126, 1.9091526321142487, 1.569510453753552, -1.7376817505581972, -1.9682408059950116, -5.2806629411196955, 2.6903777798220667, -1.3186911966358577, -0.7940244986387273, -2.7154108628524125, -1.1520535554494995, 1.4289824000255198, 2.6791234784958777, 0.3736397948623435, -0.5254379082264755, 0.9367029596128906, 0.41655160044082645, 0.9679483844132865, 0.22081281016489257]"
Fly Away,"Visti's Vinyl Collective, Emma Sehested Høeg, Wille",https://open.spotify.com/track/45UUuVAFr7hff5a2V61W0k,"[4.736014681330125, -11.843654159521378, -1.136902879734968, -1.219568285810117, -2.668858824016219, -4.19596112621745, 0.2209344043193216, 3.026699146375818, -2.0722036367084833, 0.5156880436961737, 2.524807931003749, -1.346883724706225, -2.6719879900501744, -1.4540233062691437, -4.6753723307746125, 2.322165319236796, 2.4099491583858703, 2.5777249634981274, 0.37872746204461066, 0.5750666548279387, 0.11258397357389481, 0.4587577348970582, -1.068959597951555, 0.2387757820525895, -0.49645274435866005, -0.026712480507068335, -2.5073593905712515, -0.2568235966419818, 0.5037466837560639, -1.0301046376221543, -0.37655307343452943, 0.5235781012838501, -0.03594335209370173]"
How It's Gotta Be,Nectar Woode,https://open.spotify.com/track/4GN2iIuQYXSMi0WJGJF7IL,"[-9.17459062113985, -3.6862071043716536, 9.96530703103061, 3.328909533851965, -6.261378848321121, -1.0594916974527948, 2.070469899813097, -2.2805993110669758, -3.7256468080370055, -3.3591488120833564, 7.836811282210052, 0.7030824207964688, 0.8501428327060842, -0.04842888732550187, -0.4411123780661921, 1.1371819209324125, -0.1741802991194041, 0.5884125635561561, 0.7287614668672331, -0.09202118364003846, 0.02200195051266286, -1.4716717933485166, 2.5974430987543338, 1.507505281905869, -0.6446914937032131, -1.483294296838925, 1.762679263869952, -0.727420046322124, 0.3558491531477574, -1.4517608222222287, 2.1033890852002344, -0.8127864375895543, 1.0021385832526712]"
Nobody - Studio Version,Charlie Jeer,https://open.spotify.com/track/5OACERF7H9mQid251I9iqj,"[0.4570172015402687, 1.669060023277601, -2.877598152303399, 17.23382722901275, -0.6565703420384342, 1.7221687467565414, -8.551344743047965, -0.2194231875100859, 4.859100211148598, 3.968940311553593, -6.591454002861957, 3.125354649275285, -1.587320655906794, -1.369954754533597, -0.6517956806177163, 3.1729776764137005, 1.602103568265616, -0.32309536270314665, 0.02269242138037645, -1.4848420722966336, 2.932929954531847, -3.2494059285077173, -1.533044462765036, -1.101891921136075, -3.5404372975726126, -0.9105305428940778, -0.8380010540523918, -0.5733177755312434, 1.7121337582727538, -0.21556601799160857, 0.9514085309604728, -1.470362902374284, 1.4928909273744688]"
Whiskey morning,ZUNRAID,https://open.spotify.com/track/3MJoOGy4XsY4PctCgQp7sh,"[-19.134725491441934, -4.04383381365016, -6.737661501150084, 0.7271764718594728, -5.506938043621097, -6.643146861553761, 5.184493585285097, -5.875093721947879, -2.3081179167773387, 4.836486706912875, -3.1464983445500523, -5.179680120188228, 4.059276841441158, 0.18361403406582502, -0.6167375517260123, -4.055521636288561, -2.044814784032286, 3.31343463688525, 2.1117475714279954, 1.0764357484512481, 1.0664025236215162, 1.4971117391646356, -0.07857429700706234, -0.30934527713571847, 0.4240903249613458, -0.961286542920996, 2.5091198425509784, -0.9675910204599529, -1.7356649912364017, 1.464201049309034, 0.49856421551090546, -3.2321532212887663, -0.03905424956996417]"
Suicide Mission - demo,GAGE,https://open.spotify.com/track/2Rc1BCyRARr4uxVJInRF6e,"[-0.46820926016075626, 10.13792282014483, -4.516143293401091, -12.13265550455412, 4.429123257042574, 10.885239468117286, 6.749837108750019, -10.693630381344871, -0.6863290414684684, 2.392246256242971, -4.283767417544336, -1.0418305817631905, 1.137846834732596, -5.292735439312598, -5.226245243166255, 1.5186012971383815, 2.5050003277053388, 2.865978550172981, -2.559443355659093, 2.9324213891441855, 1.0031157920250469, 1.4764673797196126, 0.5492100479226933, -0.21169972174795118, -4.198703605518341, -2.1684761500463723, -2.8644698375469564, 0.6662321961674198, 0.6485305493457844, 1.2924195388875752, -1.1727190715594542, 2.6662476242624775, 0.5306811884179576]"
My Dreams,RIO KOSTA,https://open.spotify.com/track/1TB3orbh3ULHgzrgiTSz3n,"[-4.767480060373686, 0.2908615729329315, 3.8156248754545974, 6.179932044124804, 0.1670587169703317, 1.4707933480717919, -0.44592925485181567, -1.8510046902914232, -12.957769486879572, -4.2793515752274045, 3.7705983072886267, 4.58030055847646, -0.05308936132111361, -1.6568015334723756, -3.47328587613217, 1.875268659045833, -2.6138340035534156, -1.3814766052146266, 2.9450963536966226, 1.7857638549501453, -0.8501924963734654, -0.11244874307512594, -0.21251788615085054, -1.1491949730019626, -0.2259141699911759, -0.8757873193592143, 1.9925279283591606, 0.04419904012743603, 1.9620852245016769, 1.7185174666292067, 0.19711607050432195, 0.33222261317517177, 2.37409296906519]"
Chéri,La Nuit Américaine,https://open.spotify.com/track/2dcauSaWhdz1OeqD45tlsM,"[6.827664233017883, -4.1712511707087305, 4.668468204680288, -4.49043702029164, -4.338427837978676, 3.7743066250635837, 4.4223970551424125, -1.9539385372314675, 1.2247725805552627, 0.4139974672727802, -2.4800559311076684, -3.320502419240689, 0.3588600075082374, -0.3809312799849725, 4.624425812544391, -0.5135363893410756, 1.9403641581570028, -1.4062936385902773, -3.139975007873831, -2.2947001479073, -4.363265378303087, -0.1032702411445732, 2.6807330212719656, -2.22176145138443, -2.2624488853151226, -0.7616762878985378, 1.803401604400196, 1.882647819325387, -1.0692659136322402, -0.7519936392002312, 0.3269985275364934, -1.7435911433952467, 0.67809518240495]"
End Of Summer,Tame Impala,https://open.spotify.com/track/1Iw5iLfAwDvS6frI82gMoV,"[7.413548898123305, 4.439345175875566, 6.490730131438954, -0.42660259588254956, 0.5098833302717654, 5.987595946315238, -0.7879626995331276, -9.462363352155615, 2.613701272603569, -5.071561970396942, 2.4361652728657215, 2.316046884465611, -0.20070330756171068, 2.6448485549138363, 2.4025278947829825, 4.1965187261521, 3.399535947207128, 2.061232925981391, -0.11564254788107059, 1.8191669474998338, 1.216511163803784, 1.4037579267253106, 0.9832667532371666, 2.4635621921960023, 2.081217444480055, -1.2298205340915995, 1.1985277763826427, 0.3396297479256315, -2.049625477691053, 0.01915927377232795, -1.1629215832915285, 1.0504240555642943, -0.3435889672157901]"
Escapism.,"RAYE, 070 Shake",https://open.spotify.com/track/5mHdCZtVyb4DcJw8799hZp,"[3.8967586407773553, -8.34473898143977, -12.784206585195118, -3.962062069251801, 10.553244994442677, 0.7135540962911191, 4.42801620785002, -0.6420696843790453, 1.9069234684105438, -7.152343688497934, -4.91209453250703, 6.767489318076821, -0.7361378789634593, 7.422645122889452, 1.9105249816940122, -0.6209770048958763, 1.0820690092995067, -6.420231327221898, 5.256380137852884, -0.0604570405998116, 2.6365109168728873, -0.898694288218669, -2.1337341725690973, -2.7551878024652137, 1.7933081196182086, 2.321679903143431, 1.1409804061297284, 2.106243415152647, 1.750482837314498, -0.5722789359109203, -1.3620797320466422, -2.1417986145493666, 2.433375184350429]"
Piece Of Me,Lamont Landers,https://open.spotify.com/track/1XRJohEptB1Fw6sWYK6TUv,"[-7.712774095303886, 6.590906168227961, -2.156507001664826, 12.043079036939544, 11.978372978792015, 4.496787661818377, 5.10386161858236, 0.28312622499855433, 0.7943740500559913, 0.20223635787877642, 1.0396896205964452, -8.34010310077242, 2.4218916907226853, -0.2992601016240537, -3.547085954262387, 1.5537210511067745, -1.8027825517604856, 0.4214572274546065, 1.981176687167, -1.4692544407071653, -3.1392533060136967, -0.9571108826907996, -0.9567428231471037, -0.0715445632662033, -2.15727092519417, -2.14298574306997, 0.8548356799881327, -0.8503491015238966, -1.3777678423924293, 0.4759359597880227, -2.806655556618716, -0.9732579991169121, 2.2128144307550763]"
WhatsInIt4Me,Skylar Simone,https://open.spotify.com/track/6mjnnbzOvYjlKWIlnT6lff,"[5.088992404240885, -15.05545015701556, -6.639954373272701, 3.6668117432490215, 1.268629190263326, -4.831347043176482, 3.230739930774496, -5.204499461852756, 5.859616786736015, -0.46831596792228825, -0.6830522951116346, 1.4564251415800067, 1.6205754152404173, -4.821222674908444, 0.28930503803518925, -2.522041760770142, 4.828661399746779, 3.4571860490262463, 4.147900561257203, -1.6082275149510943, -2.3574549336855988, -1.1355768283559151, 0.161899280021393, 2.7681747550771467, 0.6797745279899581, -1.6770974380639039, 2.600562754032489, 1.8095621851771329, -0.571439438605606, 0.29197916609152696, -3.5384477616376095, 1.446350848491435, 0.07259231967983788]"
Little Things,Easy Giant,https://open.spotify.com/track/5QQ9C5fCMcRTuJC8gxvHfN,"[1.4753811523387528, 16.13053713452011, -15.850035329629883, -3.369388035740971, 0.09155945758686544, -4.627302768900808, -9.37802989453842, 0.8917020130959199, 3.963855792294369, -10.694471858164258, -1.8923181728192988, -0.08717127931577993, -2.1298019821853535, -0.868774138943818, -5.0342801582020105, -4.962839088304964, -5.056966943260829, -1.8633544629608614, -3.3365984100500667, -3.124723598213276, 0.5216686734652002, -1.6547923412749919, 4.821072114495233, 0.054848289608796376, -0.3343162332100643, -2.7679328070631057, 2.014262637676484, 0.18215155182126638, 0.364063359799539, -1.0225667829154368, 1.0701433573554502, 0.8755649627003631, -0.860945399981899]"
Silvia's Picture,Silvetti,https://open.spotify.com/track/33YuBXaMMtz0RIqETFa5XG,"[-4.756703986608072, 12.877134342896122, -5.146559394731356, 10.144138577669544, -9.986874494251978, 11.104375019411092, 0.4562375278943252, 1.3725566941567058, 7.587156621983857, 3.517595123993378, -3.7690905407668343, 7.71481650680989, 2.7973971299996556, 1.748176321596183, -2.9006697315273917, -0.6775686394110839, 3.7842860440513086, -5.129213691864876, 0.5480277914710229, 0.1491297378785582, -2.6102328709470135, 4.6718894869924625, -2.4420131804552097, -1.2972631950727367, 5.062238281108557, -3.6842819325133145, -1.8600417927238795, -1.64056502181057, -2.3236120501580935, -3.17071215770686, 0.47181104123674017, 1.5266665511049784, -0.9621829318077365]"
NOT FAIR,Leon Thomas,https://open.spotify.com/track/277K8GOv27Pq3qS4IKSRoW,"[0.27434699987328787, -1.3592228949757865, 5.589394831981255, 0.20492099908994094, 11.151659575636963, 3.6876122239543445, -0.8727233942790745, -3.460470708065635, 3.538016734801294, -3.3032982151167354, 2.176418768308266, -3.7502905388660146, 2.485706923742402, -1.5180208946663023, 0.2845414099770007, -3.954854385602525, 3.173310166423249, -4.006981380707737, 1.0349004110387034, 0.108442128432693, 3.1953366141150656, -1.5264723049595263, -0.5415405378849105, 2.9041018454340217, -0.6364328514480693, 2.271056834637947, -1.6616060559509795, 1.9981353502890202, -1.6894793371290429, -1.2918308980198765, 1.3325023482718206, -0.40592855104605274, -0.6510284014443967]"
Pariah,Dumbo Gets Mad,https://open.spotify.com/track/36gmn5eccYudLIkMJYIret,"[8.614140736111375, 7.5334693485663, 5.7042902510821465, -4.221341706859244, -5.357442733862622, -5.2732994651143965, -0.27072487191249495, 1.6926599184032212, 6.76636300502928, -7.945381011513213, -4.975528202724915, 2.0857485696050073, 1.5824368001864426, -0.7845222439441684, -1.1016084404686368, -2.1672761558665097, -0.06539042909300163, 1.1252734467896308, -2.5562244766280084, 2.360787347616003, -0.7276901464512019, 3.184191852212794, -1.2526852732813911, -2.706530212525787, -0.4086962822093992, 2.8896828639933587, 0.21984946003798167, -1.7653423953897152, 4.40524242842716, -1.1794705388372548, -1.9789193516522778, -1.0232778698800495, -1.0484463274414524]"
Human Sadness,The Voidz,https://open.spotify.com/track/3YB9cvd668HXBEq8rbBW8P,"[-6.268024007614912, 4.508043492623471, -0.7214002977725662, -18.38810820436413, 8.77405704842834, 1.0187364656024325, -5.246068607173119, 3.311162006329451, 6.4655838583654965, 6.8227973236286035, 2.772310398102799, 11.999954029372512, -0.9930523291957112, -1.3791825601981493, 2.3446292026726976, 2.6512324422016813, -0.7238812978779172, -0.8004166048888327, -0.13437145886887372, -4.264167228812856, 2.7073454394811782, -1.5488293917490714, 2.5751866538172345, -0.6542377066597199, 0.8084597600225861, -0.8056485680106152, -2.334603951961036, -1.309084920818632, -3.078186135209123, 1.8760924447488998, 0.37764866375235756, -2.3728766230994327, 1.6156760405728212]"
Biggest Part of Me,Ambrosia,https://open.spotify.com/track/6JHXiRD1QjMK1N6AQEnL04,"[-5.583225911858113, 0.7488274537090851, 13.71587513295418, -0.6250060179210664, -0.6874614252628485, -1.5312074598423822, 1.4895581337160275, 3.6613401145127087, 1.1214059443576219, 1.0472517184482855, 4.016562538789529, -1.4889270738708553, 3.5088762824909345, -1.7350904475953837, -1.1152322994371373, -1.8795596741149536, -2.3971588752917405, -2.7382818964282474, -2.061583171164355, -2.601090563407328, 1.4004441629283213, -2.065866607855985, 1.2672022931580522, -1.7081362543495264, 0.9188522075752905, -3.2736666785842665, 0.4757958815386392, -1.3481017185683182, -0.2768638588705026, 0.2930443053021032, -0.16930975968568351, -1.2956110650157027, 0.6930470475164748]"
Rouge à lèvres,"Alastair Lane, Sarah Degny",https://open.spotify.com/track/4nCyUt4ZqVAp499fgWxeDR,"[4.14150562263886, -2.4127881182285127, 0.49691367032937245, 9.356047059855388, 4.74050310106466, -2.770523927474887, 6.000727531228345, 4.35638047511869, -1.8195559542220399, -1.9156051801905, -1.7530384463561974, -1.1108062893458885, -4.528055904880099, -1.2209850005353649, 3.372405290927431, 2.1461011203373257, 6.265843748168157, -2.517817652425428, 0.6592057643539421, 0.6952916291122924, -4.433890357246344, 0.047089873750447944, -0.1358434687664913, -1.688361231102675, 0.5550253498909213, -0.09765034303688332, 2.606094369128951, -0.343338600082207, -2.155539273037973, 0.13659449886115888, 2.0186046642336493, 2.442329295203235, 0.41445669023897397]"
Les Gens Qui Dansent (j'adore),Sam Sauvage,https://open.spotify.com/track/0kgZ7YqklQkVLV8SoEi5Us,"[8.52029706549189, 15.25375306296791, -12.960485125471484, -11.400294366790678, -9.180355274336513, -6.031120458958823, -1.5550483669367146, -0.6439785850660654, -0.5250538810481251, -6.518653387723357, -5.297564307826361, -1.1234737588251247, 0.07595254257113221, -3.003610451914755, 7.693617447348185, -1.3752932061122682, -1.9463302439552141, 0.2066590618720429, 2.5357140305043293, 3.554964556087437, -3.8540988967979546, -3.2427673635685483, 0.33063199582716635, 4.340578344517133, 0.15475087304274687, -2.1338669595403, -1.3744347688179486, -3.6530842603188423, 0.6166950174881379, 0.9958894459867633, 0.729607729018315, -0.39278558042186923, 1.7830781512287075]"
Week-end à Rome - Yuksek Remix,"Étienne Daho, Yuksek",https://open.spotify.com/track/7dJHroWQ2LYHnwKw5Eouk7,"[8.32775348622621, 4.557896316115893, -1.1797340218234391, -4.592956154969249, 2.941741113003822, 5.214639941921259, 3.4319719604926173, 5.258013266124751, 4.120320684794966, 2.3474573366660825, -2.570476160662393, -8.476228721731095, 2.251777531044484, -2.2722254283783823, -6.853620383136209, -0.03939264815263576, 4.905757207362163, -0.0186655051202749, -1.7729303870344342, -1.0046214068190813, -0.2558274543379822, 2.5778050845014615, 2.046437918482748, 0.12127628844992716, 4.10073367588994, 0.565990998126969, 1.0125442977412575, 1.5845933802502146, 0.7488149608795642, 2.700958900117136, 3.010763756181365, -1.2202572784168448, 1.6106893752821065]"
Bored,Laken Lambson,https://open.spotify.com/track/7LHZozaRbsl39Y5M3PFkzO,"[0.16564484992843553, -10.255442973930037, -6.071211223799101, -3.3154779391326814, -3.6740417441355793, 4.379321769364531, 2.984535761640254, -2.3778981542269464, -6.3269381975103745, 0.4410453486525912, -1.145852299711569, 3.6164168535462156, -1.3579964407439908, -5.937809600951669, 0.5070314496319702, 0.24811880810886225, 3.4477576972914568, -1.9598905046582036, -3.7063650520206344, 3.1316562347591415, -3.3441721957734694, -2.3841872256375427, -0.9942229248939166, -0.6941926156937421, -2.8082109746073147, 1.5038089793316447, -1.852589141065195, 1.3019919954375014, -0.04692198778436899, -1.0594893808750043, 2.2354876479763965, -1.97709490899095, -1.6512914771032108]"
Roses,Alisa Xayalith,https://open.spotify.com/track/6zE6GEzIJnqZA7M27R4gvd,"[-0.8862635486409124, -8.6927823805248, 1.754786683268634, -6.407138334685601, -3.8651058129158904, -4.984051024425048, -3.7860194224599453, 4.6875600777271735, -2.075670824057593, -1.1142400845219422, -1.5398743412187388, 1.042395556753573, -0.37143554685636393, 0.3871112266144096, -5.563849990725405, -0.5378570812433936, -1.7729003377418269, 0.8392725142197426, 0.3902330926694919, 0.47578446821819526, 1.2521518364080222, -0.4270435403820082, -0.4176179279698794, -1.235804851923181, 1.1207404847345914, -0.35871240553331235, 1.4241189562660008, -1.8641491540395332, -1.5428394430926424, -1.0303799429433858, -2.343206067109174, 1.75149045899265, 0.5862819270244277]"
My Brooklyn (Is Better Than Yours),Loren Berí,https://open.spotify.com/track/73WZXIe7gC7mZOpGGam74A,"[6.823868907740407, 3.3444584273175524, -6.833441454648454, -2.752978373884655, 14.708582144508272, 8.747668990071203, 4.855997225136132, -0.8277032191069325, 1.0859665940945238, -3.3012669673002866, -4.341976708371653, -2.5246670588947024, -6.559076515846583, 1.7906562642786008, 2.835743453068569, -0.6084317876950998, -1.0626995233513807, 3.2517238425339112, -1.052702417006287, -2.6275381169880374, 0.5365357295557566, -0.0898864667921689, -3.260579486344916, -0.7048855344277274, -0.07149879706240077, -1.1761594036411072, 2.539734047709775, -3.1479410932162275, 1.127050027848653, 1.0311633532641644, 1.9569712232183685, 1.3259650840035393, 0.08555919731445896]"
Hot,"La Felix, Relaye",https://open.spotify.com/track/2LiW3pPoLL6ZjPOClPVgPi,"[11.596060351871381, -2.34421515946832, 9.713553273912291, 2.6641010422318097, 5.802270462798277, -5.329549417964581, 7.492203899537885, -3.1088928420661084, 3.5175083524987834, -0.6522593594566385, -0.6575868794527757, 1.5513533113583866, 1.056397941929828, 4.1524496053106565, 0.49990075644109727, 0.9243629598378501, 0.9855619703744738, -5.13373681275849, 0.6581676187045644, 0.2479410191461816, 2.157189673865764, 0.5613007296043351, 0.8097200018331099, 3.633652613988283, -2.2212372176212427, -2.9186848307052915, -1.416800409858371, -0.8685915378444048, 4.155775199824015, 1.179139608673685, 1.8816452128318386, -1.5603168039752557, -2.7204020674741316]"
Ipanema (Cafuné),NoMBe,https://open.spotify.com/track/71lC5og1dZKT8gcl1WkMnc,"[4.5298511984736525, 7.356837929197285, 8.590160892380359, 6.1238561260496525, -7.2004751344279585, 3.2702536475059985, 5.021709116503715, -3.169400277978865, 0.7499763573813519, -4.691076193684147, -1.7653812290668864, 3.4200473968064244, -7.917967166305475, 0.9296867229465099, -1.658137693472513, -2.3424639661925197, -0.19890575207686584, 4.109843448428769, -0.018641749455727722, -7.03538196853947, -1.9847955894761447, 0.6077523912216358, 1.730274869834424, 0.29035842354583324, 0.8077145871307707, -0.002882117913479201, -1.698074264910309, 0.9699907742299907, 1.3366364241101616, 0.21918534420666197, -0.875423223214817, -3.388242362264857, 0.2930549431261076]"
Fade To Grey - Extended Version,Visage,https://open.spotify.com/track/2SAC2na7eq3ZNZsrX4KLv2,"[5.15867783671446, 14.698524835096729, 4.609113574480543, -8.425152715560575, -4.745631007288974, -0.8453795095800094, 7.107013430931043, 2.736147539076823, -1.4629677715045146, 1.44562456102586, -6.6663520594879735, 2.25422283806806, 3.180945219931174, -1.570887685408586, -4.850760313130896, 3.9009953248422655, -2.7771068361809474, -0.05210522828857932, 0.8632091756581532, -1.10117390330133, -1.2248102483859258, -2.077346930367735, -2.4648211877714696, 2.41707518630573, 1.115806308575564, 0.9745993804985618, -1.7525979792014763, 3.9724629872603545, -0.1771391062835195, -0.7316682552353417, -0.16644577275088063, 1.4923435510398813, -0.414657717159304]"
Backseat,Balu Brigada,https://open.spotify.com/track/7yT4NJt5rgmVoMJMGPULcj,"[5.123924218051613, -0.40291203594276753, 7.553779938888485, -7.4786050232780825, 4.247137167451532, 1.7825542847701144, -0.9917127611763508, -6.624270909955443, 2.4907552842587775, -3.9402603830544725, -0.7250385891835311, -1.0888555908535495, 0.40507702233566373, 0.6999046280118064, -2.9277906695940388, 2.473526448547848, 0.02755595049824357, 0.41742496817176516, -4.290871734087914, -1.5624103931979927, -1.5329475552914433, 0.39028806073216593, -0.07863782860400222, 0.6245472199859713, 0.04689904553206276, 1.8956227179644765, 0.4589456790729475, -0.520875038130129, -2.0841572173237455, -3.9637667360701174, -0.3229104918781006, 0.1748032287802508, 2.0723359762238664]"
Suzanne,"Mark Ronson, RAYE",https://open.spotify.com/track/3EL4YcUAmGkfTKXhS49Y3w,"[-12.394277820659134, -4.315353219483326, 6.866214107941133, 1.3772794354495739, 1.5020842296718604, -2.495045528698126, 8.98672611504931, -7.960560670959254, -1.672234909964701, -3.4868794560091274, -0.662375034596544, 0.2863186718999481, 7.8441477633986425, 4.892257063483057, 2.758252595152692, -1.4583953095081972, -2.3337934048220084, -1.2948875694358217, 2.0085858169763675, -1.0389287120431105, -1.1543805142379338, 0.9521975351394508, -1.0045391151089744, -1.5817801481600764, -0.2991947254812379, -1.2076456000041738, -0.7517840083139933, -1.7451262918210866, 0.5205151122162568, -0.2926576169702412, 1.7133611815708327, 1.2556817829299514, -0.5840009869899238]"
Cruisin',Smokey Robinson,https://open.spotify.com/track/2gliw3L0oa4w8LqaHploje,"[-8.765392472964754, 6.537475491772347, 1.3527764933518607, 0.8111032297906198, -7.8468463117236835, 6.410060306430337, 6.741203981082182, 14.230281029827864, 7.174445109486408, -0.5383875678783734, 2.7749913621261033, 5.8660215398684, 6.500190636046508, 4.6086987464101705, 2.030233422978375, -4.880127918898388, -2.857004135725557, 3.1580876849960986, -2.0467281562646145, -1.2059293974761696, -0.3788860554644222, 1.3030310003988363, -1.578626000035641, 3.7748401505458764, -3.8253625335064063, 2.8623570433292738, 2.913682671463981, 3.0986740945783273, -0.83445084055795, 0.28781445934814254, 0.7001085362163468, 1.780265342227125, -0.6624148729457319]"
Stand Your Ground,Lino Borsa,https://open.spotify.com/track/2ctpbtrgdjE5289iZsJWHc,"[14.683147957096855, -2.3578703775460017, -0.07539736640536986, 4.001372794200232, 0.6917751140286885, -1.7973606007093659, 0.5565225581564524, 1.8015159363236342, -2.3020747921848215, 3.93476302556877, 1.7241459585552896, -2.603204916160388, -0.1688642570602809, 6.088671023111395, 3.014871383322683, -0.9884426626954712, 2.213058663964102, 1.9170572752312436, -1.2126874561727692, -0.9063129267193827, -0.022658080865147208, -0.49414679627679486, -0.23617787626415881, 0.693558598693425, 0.39412866170188937, -0.4671816640680406, -2.1292075797822214, -0.5254576686373496, -1.408420552700635, 1.8442260791918712, -0.7470884219766994, 0.6459111907996419, -1.3893507229923319]"
Education Of A Broken Heart,Jefferson Clay,https://open.spotify.com/track/5NTqQiOENGynvPhcpnxTAp,"[6.863461182405023, 1.2387290813224265, 2.234351932314754, -7.3799700442519685, -0.11752340117548077, 8.735853338575298, -3.9551991479187127, 0.12082538218721489, 0.9066618888828969, -0.2442508050802026, 4.7609069936069055, -2.093999174561939, 1.7391993364506284, -0.6006384825640878, -0.31860574278041814, 0.2172276359649005, 3.565794305161197, 0.7253222927502474, -0.7909764744697809, 3.3666432217422955, -0.6197292204801662, -1.938761237006928, -1.9015667461869186, 0.39757363526510736, -1.5068430586168053, 2.3607905958689277, 2.6006076431688037, -1.499908928389884, 0.5083482853829248, 0.9747478957114288, 0.30827536892770896, -1.5784506758115533, 0.8374629305347728]"
Woof (butter version),"Sofi Tukker, Kah-Lo",https://open.spotify.com/track/1eW7uljq2Tv5UpUasBc7or,"[0.03191517459599025, 3.600557311839267, 5.044550702823628, 13.339399917530748, 4.006117200482339, -7.608805764689399, -3.2267814671170245, 0.6095300124489854, 11.807960201118805, -2.3846090969535685, -1.6610477197435478, 3.620064426842008, -9.770852195294253, -5.6815545830036225, -3.016844703741724, -0.7145318340027703, -5.660635638058534, 1.7182589201889091, 3.182342709301169, 5.991875785243355, -0.36975483859746344, -0.4317627010301964, -0.4773310593087869, -1.7700383712928178, -2.744975507571743, 0.42914054333384716, 0.3473592905836251, 1.7723813788460554, -1.2525913715890307, 0.32885325684506517, 0.621145833249167, 0.6470303707305444, -1.6390494637661692]"
Love It When I Need It,"Boy Amor, Bipolar Sunshine",https://open.spotify.com/track/51CVZiEVfdfgHRuXFAi24i,"[11.366906161799353, -9.511961187857823, -7.865540691093087, -1.2756187130873702, 9.920290330294803, -2.3337541754616034, -3.6271992861931968, 3.0937646289305736, 3.2240217492640135, 1.2094891877930052, 4.910866341148985, -0.6016543329457675, 4.776530320728073, -1.2746856420328416, -2.201119971479284, -1.010636390296891, 0.9396285525141922, 3.6901965927405214, -0.4471401565410331, -0.4495391046165622, 2.5576064229881954, -0.1443578414309006, -0.3522327096668079, 0.34661028720791626, 0.9403068704880415, -2.79839348647849, 1.2844734473841666, 1.5319421052202509, 2.4024809278849997, -1.7648667270415332, -0.8402451315168327, 0.1040145093124047, -0.02865953059861098]"
electric feel,Boy Amor,https://open.spotify.com/track/4gXZC9xEX24updB0WE31X6,"[12.86439805097385, 3.1631681868535195, -2.3411307198927553, 2.1713630791987715, 0.6994773765574815, -0.6468502319648192, -5.045028231780285, 2.2074938678361913, -4.076527652853936, 3.323149271828844, 5.486740790268207, 0.6228669488571194, 2.50200409028333, -1.3460543552226432, 0.011862338424994621, 0.9618166081874937, 0.17222418113017052, -4.25310083733483, -0.7867689490354562, -1.7755667736632792, 2.18089423290858, 1.7770106023086625, 1.9461414542915814, -2.5233624741404053, -1.259900900491499, 1.4546278415429577, 1.1220203551873333, -0.5640894718041497, -0.7646279264161163, 1.805069357834153, -0.3060376637772115, 0.9070405640763803, -0.9107682602058533]"
Dopamina - Remix,"Cancamusa, Gepe, Marcelo Aldunate",https://open.spotify.com/track/4N7rA6D6PIYmOsnXKAsqzZ,"[-1.057831389440559, -7.2912180272937235, 6.519772058945978, -0.655136894204203, -2.025903173243689, 2.202482498641246, -0.7943435938819862, 1.2791447075139435, -1.9038177621267605, -3.5401643391060897, -2.1618809322209867, -0.33885586854697886, -3.287804238556466, -0.09789692329680082, -1.3899606314543038, -2.918817456125456, 0.7134122430506857, -1.6529460137216476, -0.17377275721254815, -0.3577514339125268, -0.7902888311321843, 0.8958136598003678, -0.8310960721580326, -0.7759590799851682, -0.7551233380453568, 1.0604908751520334, 0.3780988627540861, -1.976169536113297, -0.7102783903112139, 0.5837313409442244, -1.3140147319006337, 0.8260979371790236, 1.1312123640696476]"
Lie to Me,Moon Age,https://open.spotify.com/track/2tnvPY9nZ5VT3YSHTylzrV,"[0.6645879266280267, -12.057071105656217, 0.015343319011519101, 2.5858180159047546, 3.1212560565792264, -1.2788937722796299, 5.1685031697998305, -2.324712701715014, -3.2966119847519977, 5.147500557978763, -5.643237754784783, 4.986796987646923, -2.139393745615348, -7.687135350171368, -0.5545379823247509, -0.24077053587152097, -2.941948054950775, -1.4128262959993927, -1.6533639720497006, 0.4654490123796035, -0.25484996446673486, 1.9192585523852919, 1.4205753469935567, 3.828279467079014, 2.012412080801371, -0.21195390211442447, 3.339086941474756, 0.10092449296727915, -0.31026391798680103, 0.44576358411948236, 1.090686752116969, 0.8641784495290759, -0.6794581320756916]"
Better Than,Lake Street Dive,https://open.spotify.com/track/4WMMaqVZIlUnDvICcXWgeZ,"[-18.626122364998334, -1.255954441446662, -1.6654281268687732, 2.800931416439793, 1.0959550813784975, -3.1415315888775037, -0.012245321332714134, 3.5636603726715648, 1.2771227587937675, 2.4542481171331296, -2.7649972560664455, -5.223391750641682, -3.831950261387207, 1.829856661830662, 6.094789621793407, 3.760284857981634, -2.7521558703116105, 1.2392013428563264, -2.599455023125363, 1.432012366397998, -0.036976912098750966, -2.5961486263193185, -2.087807407833267, -0.863293173130599, 1.0631163013960139, -0.950959820839384, -2.087268628823513, 3.6857339290790585, -0.41963512690738186, 0.3588375348847003, -0.9705795519345434, -0.13346679859973987, 0.071972688500623]"
godless,YAS,https://open.spotify.com/track/7btUqjoqjgQ2FzJu5U2Fz0,"[-3.228374001902541, -7.816033007669412, -14.115431289092543, 9.209987571356065, -0.2285434728971611, 8.502438961045073, -8.568001117157339, -1.143181167342089, 1.538779758059667, 1.4492859681167476, -0.20427523760153055, -5.799888949853082, -2.640089136111298, 6.37872320536533, -2.07626904949238, -3.5397740494975425, 1.1390602899209148, -1.0589043354855783, 3.6212922396064022, -0.1433873641447508, -3.3283932299920402, 0.7298659997188688, 3.7985642246756215, 0.46872156405920296, -0.8819153632411579, 1.4008933174980849, -1.8065188938959718, 1.3998541598857572, 1.324355554073294, 1.1909820766966297, -1.685633670099608, 0.3595301439996237, 0.058863316153034605]"
Time is Running Out,Moon Age,https://open.spotify.com/track/3vcUGZFZvgFUuoKR9B3r80,"[-4.52320704222762, -9.975396084146935, 4.709831911922939, 3.3430342695778896, 0.674309902195836, 2.2986979160028795, 0.2110151743357493, -1.7341591131832308, -3.9829710277983392, 4.448578230072756, -3.2765686923134383, 1.4306860951387712, -3.862265767778386, -2.744496785940819, 2.908394813984121, -2.334716285582344, -5.453193928795392, -3.5653736418420467, -0.6712650477115447, -0.6033227909656662, 0.29504951347104713, 2.4383283087928658, 0.13337753125766477, 1.919526751170437, 2.0028843599040873, 0.5078325280353515, -0.0011149364797450022, -1.1921760606961718, -0.770746541057902, 0.6641417991754243, 0.3273436145488075, 2.3374265075843486, 1.8867248038146374]"
Traveler,Eric Bearclaw,https://open.spotify.com/track/3pXOIoOTRDgmsbYZQz5cym,"[1.5807667477354452, 12.124142792524086, -11.513479001329216, 7.768904055982742, 1.0197424841261307, -4.655467900204292, -9.593511050177966, -4.530474267140263, -8.465991970970117, -1.598746226802387, -2.978427362738149, 3.9006424314153523, 7.741641512511599, 4.877924873837426, -0.8640959990995972, -1.2814075443415052, 1.143799026856249, 0.42558520328048877, 2.5533621376703097, 2.964596564312991, 0.0008664380393306438, -0.7177569462164908, 2.55210607347829, 2.8402265873069013, 1.736060514327005, 1.946189316895806, -1.076673696094665, 2.152287932007301, -1.2346678412285692, 0.5313556439598309, 1.891975518182574, 0.4191709460595547, 2.1396460603172165]"
Collect 200,Collect 200,https://open.spotify.com/track/5wMhlHcon8U2WNA05QMUb6,"[3.965489688761513, -4.130586584043586, 8.565530996264346, 4.660026449398514, 0.11298478111326926, -1.3557000729857824, 2.309458208289167, -0.45305841828760274, -1.0646968582784389, -2.0374372918295323, 2.635773575394815, -4.174251392899673, -1.3552511658411666, -0.3905722293428904, -1.0076645739082741, -2.218907451026495, -0.7404775528225221, -1.6016357380501725, -0.9355979930828516, 0.3003262641712059, 1.4180225309963315, -0.9997571961908046, 1.3791895458095655, -0.529883853035799, 1.2729344121044206, -0.7075195852178466, -1.5752800904182596, 1.712804629773177, -0.765721125630925, -0.6968889547168755, -0.9533122406768987, 0.10907826075795288, -1.2819244083455759]"
Wrap Your Arms,ViVii,https://open.spotify.com/track/3e0ZL2Wy0OH28zfaz44IBB,"[-0.21338746793088728, -7.692262829751932, 2.149421982778772, -6.227156038299147, -5.601318009690781, 1.8678978380787177, -3.7690841952156293, 2.445016082828515, -3.3444251298742182, 0.5755333560122966, -2.5499792736804845, 0.2343241159701934, 1.1243006259652886, -0.42694940077095456, 4.535429603940673, 0.9705960105183684, 2.0300428119534857, -1.2924225698804743, -1.2217108861844066, 1.768849901387141, -1.263823058234492, -1.604929170244922, 2.054562961757271, -1.8976764601664775, 0.05379021949647543, 0.4467497220866128, 2.410284837882855, 0.4892789529567522, 0.613847454281945, 0.8986160474381338, -1.1372435658865931, 0.06968329991623316, -0.7951865834232846]"
